repo,状态,体积MB,文件数,主语言,LICENSE,env文件,notebook数,最后提交,README摘要,顶层内容
asuzuki-asuzuki/Early-Ad_2023,已克隆,0.2,37,Pythonx12/Rx9,MIT,,0,2025-04-17 19:10:47," Early-Ad_2023 In this study, we performed whole-genome sequencing and multi-layered analysis of early and advanced lung adenocarcinoma. We especially focused on multi-omics features in very early adenocarcinoma cases which are classified by Noguchi classification to understand key molecular events during cancer progression in very early stages. We analyzed a total of 76 non-small cell lung cancer cases including 48 very early adenocarcinomas. - [DNA methylation](./DNA_methylation): DNA methylat",".git,DNA_methylation,LICENSE,Phasing,README.md,Spatial"
10XGenomics/janesick_nature_comms_2023_companion,已克隆,8.2,17,Pythonx2,MIT,environment.yml,1,2023-11-30 14:05:15,"![image.png](figures/nuclei_figure.png)  Code companion to:  High resolution mapping of the breast cancer tumor microenvironment using integrated single cell, spatial and in situ analysis of FFPE tissue Amanda Janesick, Robert Shelansky, Andrew Gottscho, Florian Wagner, Morgane Rouault, Ghezal Beliakoff, Michelli Faria de Oliveira, Andrew Kohlway, Jawad Abousoud, Carolyn Morrison, Tingsheng Yu Drennon, Syrus Mohabbat, Stephen Williams, 10x Development Teams, Sarah Taylor October 20, 2023 Link to",".git,companion_functions.py,companion_notebook.ipynb,environment.yml,figures,LICENSE,README.md"
christophhmayr/2023_Mayr,已克隆,32.4,11,Pythonx10,无LICENSE(仅可学习不可转载),,10,2024-07-18 10:43:47, Mayr_2023 Code for the spatial transcriptomic paper on IPF lungs ![image](https://github.com/christophhmayr/2023_Mayr/assets/58946604/e8134d00-8780-407e-8072-880af683f9d5)  Data availability Processed count tables of the Visium data (10.5281/zenodo.10012934) and the integrated PF-ILD atlas (10.5281/zenodo.10015169) are available on Zenodo. Some notebooks are deposited at Zenodo due to file size limits (10.5281/zenodo.10012934).,".git,final_CellChat_IPFhealthy_analysis.ipynb,final_CellChat_IPFhealthy_processing.ipynb,final_correlation_c2l_annotations_labeltransfer.ipynb,finaL_cytassist_human_visium_integrate_ct_percentages_perNiche.ipynb,final_cytassist_human_visium_integrate_frequencies.ipynb,final_cytassist_human_visium_integrate_functional_Niche_enrichment.ipynb,final_cytassist_human_visium_integrate_senescence_signaturescoring.ipynb,final_cytassist_human_visium_integrate_spatial_neighbourhood_interactions.ipynb,final_cytassist_human_visium_integrate_spatial_neighbourhood_Rings.ipynb,final_IPFatlas_subsetted_plots.ipynb,README.md"
spencerfar/fetal_lung_analysis,已克隆,29.9,31,Pythonx28,MIT,,23,2024-04-16 17:49:50," Fetal lung analysis Trajectory analysis, signaling analysis, spatial analysis, and hPSC analysis for ""Early human fetal lung atlas reveals the temporal dynamics of epithelial cell plasticity"". See also https://github.com/The-HQQ/Human_fetal_lung_atlas/  Versions python packages:  python 3.8.10 numpy 1.22.4 pandas 1.4.2 scanpy 1.9.1 scvelo 0.2.5 cellrank 2.0.0 anndata 0.8.0 matplotlib 3.5.2 sklearn 0.24.0 seaborn 0.13.0 squidpy 1.2.3 scFates 1.0.6  R packages:  R 4.1.3 CellChat 1.6.1 Matrix 1.6.",".git,endothelial,epithelial,hpsc,immune,latentvelo,LICENSE,README.md,signaling,stromal,visium,Wong_Fetal_Lung_Dataset_August_2023.xlsx"
The-HQQ/Human_fetal_lung_atlas,已克隆,0.1,26,Rx24/Pythonx1,无LICENSE(仅可学习不可转载),,0,2024-05-15 17:33:28," Human_fetal_lung_atlas Code availablility for: Early human fetal lung atlas reveals the temporal dynamics of epithelial cell plasticity (Quach &amp; Farrell, et al. 2023). See additional code: https://github.com/Spencerfar/fetal_lung_analysis  System Requirements  Software requirements  OS requirements The code has been tested for _macOS_ and _Linux_ on the following systems:  macOS: Ventura (13.5)  Linux: CentOS Linux 7 (Core)  R dependencies The code requires the following R packages and has ",".git,Data_processing,Figures,README.md,Supplementary_Figures,Supplementary_Note_Figures"
taimeimiaole/NN_hDRG-neuron-sequencing,已克隆,664.0,81,Rx20/Pythonx5,无LICENSE(仅可学习不可转载),,5,2024-08-13 14:51:40,"These source code and data are used for the analysis in the hDRG neuron sequencing manuscript, detailed information is provided below: Figure 1 A: done C:\E\Posdoc work at Upenn\Lab_work\Projected_I_am_intersted_in\Transcriptome of human DRG neurons\Manuscript and figs\Submmision\Nature neuroscience\Final\Revision\Resubmission\20240716_Final\Source data\Figure 1A B: done source code 1.Rmd C:\E\Posdoc work at Upenn\Lab_work\Projected_I_am_intersted_in\Transcriptome of human DRG neurons\Manuscript",".git,.gitattributes,README.md,Source_code_1,Source_code_10,Source_code_11,Source_code_12,Source_code_13,Source_code_14,Source_code_15,Source_code_16,Source_code_17"
alonmillet/apoe-ad-age-atlas,已克隆,3.2,19,Rx9/Pythonx7,MIT,,7,2024-01-03 01:12:37," apoe-ad-age-atlas This repository contains the code needed to reproduce all results and plots in the paper ""An Exhausted-Like Microglial Population Accumulates in Aged and APOE4 Genotype Alzheimer’s Brains"" from Millet, Ledo et al. Code snippets are separated into files mirroring the organization of figures in the manuscript. ![Schematic](schematic.png) Fig_1A-G_and_Fig_S1.R: code needed to generate Seurat structures for the 10wk/20wk/96wk atlas as well as microglial subclustering, plus code fo",".git,CellRank,Fig_1A-G_and_Fig_S1A-G.R,Fig_1H_and_Fig_S1H.R,Fig_2_and_Fig_S2A.R,Fig_3_and_Fig_S3.R,Fig_4_and_Fig_S4.R,Fig_5_and_Fig_S5.R,Fig_6.R,Fig_7_and_Fig_S6.R,Fig_S2D-F.R,LICENSE"
zhangqf-lab/SPACE,已克隆,5.0,17,Pythonx12,MIT,pyproject.toml;requirements.txt;setup.py,5,2024-09-12 15:03:00," Tissue module discovery in single-cell-resolution spatial transcriptomics data via cell-cell interaction-aware cell embedding SPACE (SPatial transcriptomics Analysis via Cell Embedding)  Installation SPACE is implemented in [Pytorch](https://pytorch.org/) framework. SPACE can be run on CPU devices, and running SPACE on GPU devices if available is recommended.  Software dependencies  Install Pytorch Please install Pytorch in advance by following the instructions on : https://pytorch.org/get-star",".git,example_data,LICENSE,pyproject.toml,README.md,requirements.txt,scripts,setup.py,space"
Moldia/ISS_preprocessing,已克隆,0.2,31,Pythonx6/Shellx1,无LICENSE(仅可学习不可转载),setup.py,2,2022-11-08 14:27:31,"ISS_processing is a Python package used to process In situ sequencinig data. This includes the preprocessing of the data, including alignment and stitching (using [ASHLAR](https://github.com/labsyspharm/ashlar)) and retiling. Installation: You can download installation.sh and just execute it. It will install this repository( ISS_preprocessing) as well as ISS_decoding and ISS_postprocessing",".DS_Store,.git,dist,installation.sh,ISS_preprocessing.ipynb,ISS_processing,ISS_processing.egg-info,preprocessing.yml,README.md,setup.py,Stacking_files_demo.ipynb,__init__.py"
Moldia/ISS_decoding,已克隆,5.7,40,Pythonx12,无LICENSE(仅可学习不可转载),setup.py,3,2022-06-15 13:45:25,ISS_decoding is a Python package used to decode In situ sequencinig data.,".git,.ipynb_checkpoints,build,decoding.yml,dist,Example_decoding.ipynb,ISS_decoding,ISS_decoding.egg-info,ISS_decoding.ipynb,README.md,setup.py,__pycache__"
Moldia/ISS_postprocessing,已克隆,40.7,20,Pythonx8,MIT,setup.py,3,2022-06-15 23:48:07,ISS_postprocessing is a Python package used to postprocess In situ sequencinig data.,".git,dist,ISS_postprocessing,ISS_postprocessing.egg-info,ISS_postprocessing_tutorial_scanpy.html,ISS_postprocessing_tutorial_scanpy.ipynb,LICENSE.txt,postprocessing.yml,README.md,Scanpy_tutorial.ipynb,setup.py,Squidpy_tutorial.ipynb"
Moldia/cellular-architecture-of-evolving-neuroinflammatory-lesions-and-multiple-sclerosis-pathology,已克隆,14.8,32,Pythonx25,无LICENSE(仅可学习不可转载),,25,2024-01-29 09:17:32," Cellular architecture of evolving neuroinflammatory lesions and multiple sclerosis pathology This repository contains the notebooks used to generate the data and the figures in the preprint: https://www.biorxiv.org/content/10.1101/2023.06.29.547074v1 The full notebooks, all zipped, with the outputs are contained within the [zenodo](https://zenodo.org) repo with the accompanying DOI: 10.5281/zenodo.8037425 (unpublished for now).  Abstract  Graphical abstract ![Graphical abstract](images/Graphica",".git,.gitattributes,.gitignore,images,processing,README.md,visualization"
natsuhiko/PHM,已克隆,47.2,36,Shellx8/C/C++头x7,无LICENSE(仅可学习不可转载),,0,2022-03-11 23:19:51," Pairwise Hierarchical Model A Bayesian hierarchical model to map causal interactions between regulatory elements in the genome, that incorporates techniques from Mendelian Randomisation.  How to build & install Please make sure GSL, HTSlib and CLAPACK are installed in your environment (if you don't have them, then see below for installation tips). To build and install the pairwise hierarchical model, firstly go to the _source_ directory (src), then set environment variables appropriately to poi",".git,data,README.md,script,src"
Teichlab/iss_patcher,已克隆,1.3,12,Pythonx3,MIT,pyproject.toml;requirements.txt,1,2023-11-15 10:11:09," ISS Patcher iss_patcher is a simple package for approximating features not experimentally captured in low-dimensional data based on related, high-dimensional data. The shared feature space between the two objects is identified, and log-normalised and z-scored on a per-object basis. The nearest neighbours of the low-dimensional observations in the high-dimensional space are identified, and the counts of the absent features are approximated as the mean of the high-dimensional neighbours. While th",".git,.gitignore,.readthedocs.yaml,docs,iss_patcher,LICENSE,notebooks,pyproject.toml,README.md"
Teichlab/snp2cell,已克隆,127.0,32,Pythonx14,MIT,requirements.txt;setup.py,2,2026-08-05 23:01:47,"![snp2cell](https://github.com/Teichlab/snp2cell/actions/workflows/tests.yml/badge.svg)  snp2cell snp2cell is a package for identifying gene regulation involved in specific traits and cell types. It combines three elements: (i) GWAS summary statistics, (ii) single cell data and (iii) a base gene regulatory network. A network propagation approach is used to integrate and overlap different types of scores on the network. Random permutations of scores are then used to evaluate the significance of h",".git,.github,.gitignore,docs,LICENSE.txt,README.md,requirements.txt,setup.py,snp2cell,tests"
Teichlab/skeletal_dev_atlas,已克隆,0.2,24,Pythonx21,BSD,,14,2025-07-11 14:17:08," A Multi-omic Atlas of Human Embryonic Skeletal Development These are scripts accompanying our manuscript: [""A multi-omic atlas of human embryonic skeletal development""](https://doi.org/10.1038/s41586-024-08189-z) In addition, custom software packages are available in separate GitHub repositories: - snp2cell: https://github.com/Teichlab/snp2cell - ISS-patcher: https://github.com/Teichlab/iss_patcher - fGWAS nextflow pipeline: https://github.com/cellgeni/nf-fgwas Any addional scripts are availabl",".git,.gitignore,celloracle,LICENSE,README.md,scenicplus"
Teichlab/drug2cell,已克隆,4.5,20,Pythonx9,自定义LICENSE(需人工核),requirements.txt;setup.py,3,2024-12-21 18:56:57," Drug2cell This is a collection of utility functions for gene group activity evaluation in scanpy, both for per-cell scoring and marker-based enrichment/overrepresentation analyses. Drug2cell makes use of established methodology, and offers it in a convenient/efficient form for easy scanpy use. The package comes with a set of ChEMBL derived drug target sets, but has straightforward input formatting so it can be easily used with any gene groups of choice.  Installation bash pip install drug2cell ",".git,.gitignore,.readthedocs.yaml,CHANGELOG.md,docs,drug2cell,LICENSE,notebooks,README.md,setup.py"
ding-lab/ST_subclone_publication,已克隆,1.5,60,Rx32/Shellx11/Pythonx2,无LICENSE(仅可学习不可转载),,0,2025-01-23 16:05:10," Tumour evolution and microenvironment interactions in 2D and 3D space ![image](https://github.com/user-attachments/assets/f915b5be-79dc-4c32-b88b-74f3b220e78c)  Overview This is the repo for the manuscript ""Spatial clonal evolution and clone-specific microenvironment interactions within three-dimensional tumor structures""  Repo structure  Figure 1. Spatial microregions across cancers  Figure 2. Focal clonal evolution in microregions  Figure 3. Genetic changes drive tumour disparities & Cellular",".git,Data_access,Figure1,Figure2,Figure3,Figure4,Figure5,Figure6,Processing_script,README.md"
ding-lab/mushroom,已克隆,953.7,259,Pythonx252/Rx1,MIT,setup.py,226,2025-07-31 22:33:47," mushroom A workflow for 3D serial section registration and analysis Under active development  Library installation Although not always neccessary, we recommend installing into a fresh environment when possible to avoid installation issues. bash conda create -n mushroom -c conda-forge -y python=3.11 jupyter conda activate mushroom pip install git+https://github.com/ding-lab/mushroom.git   Tutorial API subject to change... [Registering multi-modal serial section data](https://github.com/ding-lab/",".git,.gitignore,LICENSE,mushroom,notebooks,README.md,setup.py"
ding-lab/morph,已克隆,0.4,12,Pythonx7,MIT,pyproject.toml,0,2025-10-23 20:37:02," morph ![morph](image.png) Accurately defining spatial characteristics of tumors has been a challenge in cancer research. Specifically, there is still a lack of spatial transcriptomic (ST) bioinformatic methods that infer tumor boundaries, a necessity for tumor microenvironment (TME) analyses, that are fully automated and handle non-rectangular grids (like the one found in Visium). Here we introduce Morph, a toolset that not only addresses these limitations, but also accurately extracts tumor re",".git,.gitignore,image.png,LICENSE,Morph,pyproject.toml,README.md"
ding-lab/10Xmapping,已克隆,0.0,4,非代码,无LICENSE(仅可学习不可转载),,0,2019-03-22 13:06:01, 10Xmapping Song Cao scao@wustl.edu mapping reference allele and variant allele to 10X barcodes from an input of scRNA-seq bam and the unique 10X barcode corresponds to each individual cell usage: step 1: extracting reads contains the reference allele and variant allele of a somatic variant perl 10Xmapping.pl --mapq --bam --maf --out mapq:  the mapping quality; Default 0 bam: the scRNA-seq bam path maf: the maf file containing a list of somatic variants out: the output file step 2: get the corre,".git,10Xmapping.pl,parse_scrna_bc.pl,rc.pl,README.md"
estorrs/multiplex-imaging-pipeline,已克隆,199.6,98,Pythonx61/Shellx4,MIT,Dockerfile;setup.py,50,2025-09-08 10:06:21," multiplex-imaging-pipeline A pipeline for multiplex imaging analysis. Under active development generate-region-features and generate-spatial-features may not work as intended at the moment.  Installation Works with Python=3.8 Basic installation (will run all modes except segment-ome). bash pip install git+https://github.com/estorrs/multiplex-imaging-pipeline.git  To preform segmentation, [deepcell](https://github.com/vanvalenlab/deepcell-tf) dependencies need to be installed via the command bel",".dockerignore,.git,.gitignore,.gitmodules,cwl,docker,env.yaml,examples,LICENSE,multiplex_imaging_pipeline,notebooks,README.md"
imsb-uke/xenium-cgn,已克隆,45.4,80,Pythonx56/Shellx1,无LICENSE(仅可学习不可转载),environment.yml,51,2026-04-13 16:57:55," Sequential activation of PDGF- and TGF-β-signaling in the spatial context of glomerular crescent formation in kidney autoimmunity The repository contains the code to perform analysis included in the manuscript [Spatiotemporal interaction of immune and renal cells controls glomerular crescent formation in autoimmune kidney disease](https://www.nature.com/articles/s41590-025-02291-8). The jupyter notebooks and associated scripts are available in the folder ""notebooks"".  Dependencies The required ",".git,.github,.gitignore,data,disease_colors.json,environment.yml,figures,notebooks,paths.json,README.md"
kateyliu/ImagePseudo,已克隆,116.0,18,Pythonx4,MIT,,0,2025-10-14 18:17:43,"![QBRC logo](./assets/qbrc-logo.png)  ImagePseudo: Image-based inference of tumor cell trajectories enables large-scale cancer progression analysis Author: Yang Liu (Yang.Liu2@utsouthwestern.edu)  Introduction An AI-powered approach transforms routine pathology slides into dynamic maps of tumor evolution, enabling large-scale analysis of cancer progression without the need for costly single-cell sequencing. ![Overview](./assets/project_overview.png)  Citation Liu Y, Cai L, Rong R, Wang S, Jia L,",".git,assets,example_result,Fitness.py,GradePrediction.py,LICENSE,Pseudotime.py,README.md,requirement.txt,segmentation_functions.py"
Banovich-Lab/Spatial_PF,已克隆,1.1,12,Rx7/Pythonx3/Shellx1,无LICENSE(仅可学习不可转载),,1,2025-10-22 10:35:35," Spatial transcriptomics identifies molecular niche dysregulation associated with distal lung remodeling in pulmonary fibrosis Annika Vannan<sup1,a</sup, Ruqian Lyu<sup2,3,4,a</sup, Arianna L. Williams<sup1</sup, Nicholas M. Negretti<sup5</sup, Evan D. Mee<sup1</sup, Joseph Hirsh<sup5</sup, Samuel Hirsh<sup5</sup, Niran Hadad<sup1</sup, David S. Nichols<sup6</sup, Carla L. Calvi<sup6</sup, Chase J. Taylor<sup6</sup, Vasiliy. V. Polosukhin<sup6</sup, Ana PM Serezani<sup6</sup, A. Scott McCall<sup",".git,cellproximity_calculation_share.R,cellproximity_calculation_share.sh,cellproximity_logreg_share.R,cell_niche_identification.R,clustering_subclustering.ipynb,figures.R,figures_lineage_UMAPs.R,lumen_preprocessing.R,lumen_segmentation.py,partition_cells_xenium.py,preprocessing_and_celltype_annotation.R"
10XGenomics/HumanColonCancer_VisiumHD,已克隆,202.1,34,Rx18/Pythonx1,MIT,environment_nucleisegmentation.yml,0,2025-06-09 08:41:01," ![HD Image](ext/Figure_CRC.png)  High definition spatial transcriptomic profiling of immune cell populations in colorectal cancer Michelli F. Oliveira<sup†</sup, Juan P. Romero<sup†</sup, Meii Chung<sup†</sup, Stephen Williams, Andrew D. Gottscho, Anushka Gupta, Sue Pilipauskas, Syrus Mohabbat, Nandhini Raman, David Sukovich, David Patterson, [Visium HD Development Team](Team), Sarah E. B. Taylor<sup‡</sup <sup†</sup These authors contributed equally to this work <sup‡</sup Corresponding author",".git,ext,Figures,LICENSE.md,MetaData,Methods,README.md,Team"
Center-for-Spatial-OMICs/SpatialQM,已克隆,6.4,249,Rx13,自定义LICENSE(需人工核),DESCRIPTION;renv.lock,0,2026-05-06 18:43:40," SpatialQM R package for quality control metrics on imaging-based spatial transcriptomics (10x Xenium, NanoString CosMx, Vizgen MERSCOPE). Load vendor outputs into Seurat, or pass paths to an expression matrix and transcript file. SingleCellExperiment and SpatialExperiment objects are supported via coerce_to_seurat().  Overview Spatial assays need reproducible QC: transcripts per cell, sparsity, entropy, signal vs control probes, spatial autocorrelation (Moran’s I), and more. SpatialQM wraps the",".git,.gitattributes,.github,.gitignore,.Rbuildignore,build_options,codecov.yml,copilot_options,DESCRIPTION,docs,inst,LICENSE"
WuLabMDA/LungIMC,已克隆,1.3,349,Rx189/Pythonx125/MATLABx26,BSD,Dockerfile,0,2024-11-11 22:31:01, LungIMC Lung Imaging Mass Cytometry Study,".git,.gitignore,Aggregation,AnalysisR,DeepCellSeg,DenoiseStains,Docker.md,Dockerfile,FeatureAnalysis,LICENSE,PhenotypeVis,PreprocessIMC-Matlab"
FuduanPeng/LungPCA_Code,已克隆,0.1,14,Rx7/Pythonx6,无LICENSE(仅可学习不可转载),,0,2025-09-18 12:59:58," LungPCA_Code Title: Multimodal Spatial-Omics Reveal Co-Evolution of Alveolar Progenitors and Proinflammatory Niches in Progression of Lung Precursor Lesions This repository contains the code necessary for the analysis of the data presented in Peng et al., Cancer Cell, in revision (2025). Please contact hkadara@mdanderson.org and LWang22@mdanderson.org with any questions. Processed data is available in the Zenode (10.5281/zenodo.17148540).",".git,Figure 1.R,Figure 1E 4F.py,Figure 2.R,Figure 2C.py,Figure 3.R,Figure 3K 3N.py,Figure 4.R,Figure 4G.py,Figure 5.R,Figure 6.R,Figure 6E 6F 7D.py"
PansccSpat/SpatialMapESCC,已克隆,0.3,15,Rx15,无LICENSE(仅可学习不可转载),,0,2024-10-31 16:09:01,(无README),".git,stp1_gridid.R,stp1_sampleid.R,stp1_summary.R,stp2_epiArea.R,stp2_epilinedist.R,stp2_epiSpatial.R,stp2_exprSpatial.R,stp2_fovplot.R,stp2_programAnalysis.R,stp2_programSpatial.R,stp3_CN_kmeans.R"
fuscc-deep-path/sc_MTOP,已克隆,0.4,61,Pythonx47/Shellx2,MIT,environment.yml;requirements.txt,0,2025-05-08 21:54:24, Single Cell Morphological and Topological Profiling Based on Digital Pathology  Description sc-MTOP is an analysis framework based on deep learning and computational pathology. It consists of two steps: 1) Nuclear segmentation and classification; 2) Feature extraction. This framework aims to characterize the tumor ecosystem diversity at the single-cell level. We have established a [demo](http://sc-mtop.biosolver.cn/) website to show the functions. This is the official pytorch implementation of ,".git,F1_CellSegment.py,F3_FeatureExtract.py,F4_Visualization.py,Hover,LICENSE,main.py,readme.md,requirements.txt,utils_xml.py,WSIGraph.py"
Goldrathlab/Spatial-TRM-paper,已克隆,117.4,295,Pythonx195/Rx1,MIT,Dockerfile,154,2025-02-05 10:57:25," Tissue-resident memory CD8 T cell diversity is spatiotemporally imprinted ![Project Banner](images/connections.png)  [!NOTE]  In this repository, we show how to reproduce the figures from our 2025 manuscript: Tissue-resident memory CD8 T cell diversity is spatiotemporally imprinted[^1][^2]. Additionally, we provide our data processing pipelines to create fully-processed Anndata objects containing all of the spatial data used to construct figures.  Table of Contents - [Abstract](abstract) - [Set",".devcontainer,.git,.gitattributes,.gitignore,.pre-commit-config.yaml,data,Extended_Data_Figure_7,Figure_1,Figure_2,Figure_3,Figure_4,Figure_5"
LabOnoM/GSE284271,已克隆,1.2,5,Rx1/Pythonx1,BSD,,1,2024-12-22 18:30:30," Single Cell Spatial Transcriptomics of the Murine Embryonic Palate Links Pax9 to Patterning and Organization of Extracellular Matrix Components This repository hosts the codes for the original analysis of [GSE284271](https://www.ncbi.nlm.nih.gov/geo/query/acc.cgi?acc=GSE284271).  Prerequisites To reproduce the results of our published article, the output of [spaceranger](https://www.10xgenomics.com/support/software/space-ranger/latest) has to be prepared by using all data from [GSE284271](https",".git,.gitignore,00.NIH_10xVisiumHD.rmd,01.scRNAseq10xVisiumHD.ipynb,LICENSE,README.md"
VividKai/SpatialBC,已克隆,0.2,8,Rx7,无LICENSE(仅可学习不可转载),,0,2026-03-27 12:34:11,"Title: A Spatial Atlas of Muscle-Invasive Bladder Cancer Reveals Lineage-Specific Vulnerabilities and Immune Architecture This repository contains the code necessary for the analysis of the data presented in Yu et al., Cancer Discovery, in revision (2026). Please contact JGao1@mdanderson.org and LWang22@mdanderson.org with any questions.",".git,Fig1.R,Fig2.R,Fig3.R,Fig4.R,Fig5.R,Fig6.R,RCTD.R,README.md"
atlasxomics/ATX_epigenomics,已克隆,14.0,36,Rx3,MIT,renv.lock,0,2026-03-03 13:19:10,"<div align=""center"" ![data](static/data.png)  Spatial profiling of chromatin modification via DBIT-seq </div Deterministic Barcoding in Tissue for spatial omics sequencing (DBiT-seq) uncovers spatial biology by combining microfluidics and next- generation sequencing (NGS). Applications of the platform have been published in [Nature](https://www.nature.com/articles/s41586-022-05094-1), [Nature Biotech](https://www.nature.com/articles/s41587-023-01676-0), [Science](https://www.science.org/doi/10.1",".git,.gitignore,analysis,fastq2frags,LICENSE,README.md,static"
jason-spence-lab/Johnson_et_al_2025,已克隆,0.1,2,Rx1,无LICENSE(仅可学习不可转载),,0,2026-03-02 11:22:00," Mapping the emergence of mesenchymal diversity in the developing human intestine and organoids Kelli Johnson1, Xiangning Dong1, Yu-Hwai Tsai1, Angeline Wu1, Sydney G. Clark2, Rachel Zwick3, Ian Glass4, Katherine D. Walton1, Ophir Klein3, Jason R. Spence1,5-7 1Department of Internal Medicine, Division of Gastroenterology, University of Michigan Medical School, Ann Arbor, MI 48109, USA 2Department of Cellular and Molecular Biology, University of Michigan Medical School, Ann Arbor, MI 48109, USA 3",".git,Intestinal mesenchyme_scRNAseq and Xenium.Rmd,README.md"
JiekaiLab/mdCLA,已克隆,276.9,119,Pythonx109,无LICENSE(仅可学习不可转载),,91,2026-03-21 16:10:08," mdCLA This GitHub repo provides reproduction code for key figures from ""Developmental Chronology of Mouse Embryo"".",".git,Code,Figure1,Figure2,Figure3,Figure4,Figure5,README.md"
mneyazi/cardiac_sarcoidosis,已克隆,0.0,5,Rx3,无LICENSE(仅可学习不可转载),,0,2026-04-23 23:53:32," Integrative Molecular Analyses of Inflammatory and Autoimmune Signals in Cardiac Sarcoidosis This repository contains custom analysis scripts used in the manuscript ""Integrative Molecular Analyses of Inflammatory and Autoimmune Signals in Cardiac Sarcoidosis"" by Neyazi, Venturini et al. Link to publication: XYZ",".git,clonality_vdj,README.md,spatial_neighborhood"
FilbinLab/Multidimensional_STEPN,已克隆,87.3,171,Rx108/Pythonx6/Shellx3,MIT,,5,2025-12-23 07:18:02," Multidimensional_STEPN Code repository for single-cell multidimensional profiling of supratentorial ependymomas, preprint: https://www.biorxiv.org/content/10.1101/2024.08.07.607066v1 Processed data for sc/nRNAseq and 10X Xenium are deposited on gene expression omnibus (GEO). scRNA-seq: GSE300150 Spatial: GSE300146 Raw sc/snRNAseq data are deposited in EGA (EGAS50000001513). Contact: djeong3 at mgh.harvard.edu, sara.g.danielli at gmail.com, carlosa_biagijunior at dfci.harvard.edu  Overview 0. So",".DS_Store,.git,.gitignore,1.sc_snRNAseq_preprocessing,2.Plots,3.Pseudobulk_analysis,4.Xenium,5.Co-culture,6.Preclinical_models,epnApp,LICENSE,Multidimensional_STEPN.Rproj"
navinlabcode/tnbc-chemo,已克隆,379.0,221,Rx72/Pythonx1,无LICENSE(仅可学习不可转载),,0,2026-08-04 12:40:43, Triple-negative breast cancer and chemotherapy response This repository includes the codes and analysis instructions for the manuscript: 'Ecotypes of Triple-Negative Breast Cancer in Response to Chemotherapy'. Please feel free to ask quesitons regarding data processing and data analysis using the ['Issues'](https://github.com/navinlabcode/tnbc-chemo/issues) function at GitHub.  Contents  Folder                                                                              Purpose                 ,".git,.gitignore,analysis,data,other,README.md,supp,website_images"
digitalcytometry/spatialecotyper,已克隆,114.6,727,Rx42,自定义LICENSE(需人工核),DESCRIPTION,0,2026-08-26 09:10:12,"<p align=""center"" </p  Deciphering spatial ecotypes from spatial, single-cell, and bulk transcriptomic data Spatial EcoTyper is a versatile framework for identifying spatially distinct multicellular communities, termed spatial ecotypes, from single-cell spatial transcriptomics data. In addition, it provides unified methods for the recovery of spatial ecotypes across multiple data modalities, including spatial transcriptomics, single-cell RNA-seq, and bulk transcriptomic datasets. Spatial EcoType",".git,.Rbuildignore,DESCRIPTION,docs,inst,LICENSE,LICENSE.md,logo.png,man,NAMESPACE,NEWS.md,pkgdown"
Woopsydaisy/Spatial-Human-Kidney-Map,已克隆,0.5,59,Pythonx57/Rx1,无LICENSE(仅可学习不可转载),Nichecompass_Script1_setup.py,0,2026-04-10 14:39:10," Spatial-Human-Kidney-Map  A. Exporting Spatial Data - Exporting_CosMx_Script1.py Using exported data from AtoMx for the spatial datasets, this script generates an h5ad object of the entire slide for further usage. Container used: docker://10jll/spatial:version2 - Exporting_CosMx_Script2.py Partitions the slide data into individual samples and generates QC information. Container used: docker://10jll/spatial:version2 - Exporting_Xenium.py Exports Xenium spatial datasets from the raw output and ge",".git,A Exporting Spatial Data,B Integration,C SCIB,D Niche_Analysis,E Nichecompass,F COVET,G Injured_Tubular_Microenvironments,H Immune_Cell_Atlas,I Immune_Microenvironments,J B_Cell_Atlas,K Miscellaneous"
XL-Genomics/2024_Senescent_Niche_in_HLHS,已克隆,32.5,22,Rx18/Pythonx3,无LICENSE(仅可学习不可转载),,3,2026-07-07 11:19:22, Ventricular Assist Device Unloading Reverses Microvascular Senescence in Single Ventricle Disease Patients with hypoplastic left heart syndrome (HLHS) have an underdeveloped left ventricle and require multiple surgeries to reconfigure cardiac blood flow for survival. We studied myocardial microenvironment cell states using single nuclear RNA-sequencing and spatial transcriptomics on HLHS right ventricles at birth before heart failure develops; in post-surgical patients in heart failure; and in ,".git,PART01.data_collection.R,PART02.merge.R,PART03.filterCells.R,PART04.doublet.R,PART05.cleanup.R,PART07.scvi.ipynb,PART08.scanvi.ipynb,PART09.scvi.R,PART19.consolidate.R,PART21.milo.R,PART24.scvelo.ipynb"
UCSF-DSCOLAB/spatial_transcriptomics_colitis_analysis_2024,已克隆,18.2,25,Pythonx14/Rx3/Shellx1,无LICENSE(仅可学习不可转载),,14,2026-04-19 06:29:28," Single-cell spatial transcriptomics of fixed, paraffin-embedded biopsies reveals colitis-associated cell networks This repository contains the code necessary to reproduce the analyses and figures presented in our paper. Because we analyzed nine spatial transcriptomics datasets (seven Xenium, one CosMx, and one MERSCOPE) and performed many analyses repeatedly across datasets, we provide generalized analysis pipelines for each major step. These pipelines can be applied directly to your own data o",".git,Additional_QC,DESeq2,GSEA,More_Downstream_Analyses_And_Visualizations,Preprocessing,Python_Yaml_Files,README.md"
cnio-bu/varca,已克隆,4.3,42,Pythonx2,MIT,,0,2024-04-16 15:35:24,"![Varca](img/logo.png) This Snakemake pipeline implements the [GATK best-practices workflow](https://software.broadinstitute.org/gatk/best-practices/workflow?id=11145) for calling small genomic variants. It's based on [this workflow](https://github.com/snakemake-workflows/dna-seq-gatk-variant-calling/releases) by Johannes Köster.  Authors  Elena Piñeiro  Tomás Di Domenico  Usage  Simple  Step 1: Install workflow If you simply want to use this workflow, clone the repository or download its source",".editorconfig,.git,.gitattributes,.gitignore,.gitlab-ci.yml,.gitmodules,.test,config-example.yaml,contigs-example.tsv,envs,img,LICENSE"
cy358/Single-cell-profiling-of-NKTCL,已克隆,0.0,8,Pythonx1,MIT,,0,2025-12-25 21:54:01, Single-cell-profiling-of-NKTCL,".git,Bulk RNA-seq,Cell–cell communication analysis,inferCNV,LICENSE,monocle3,Neighborhood_enrichment_analysis.py,NMF and cell subsets abundance calculation,README.md"
xhNorthwestern/Spatial-biology-of-hematopoiesis,已克隆,0.6,44,Rx43,无LICENSE(仅可学习不可转载),,0,2025-12-30 15:46:07," Spatial-biology-of-hematopoiesis R code of spatial transcriptomic data analysis The xenium analysis codes were run with R (version 4.3.3) and RStudio (2023.12.1) using Mac Pro (Apple M2 Ultra chip, macOS Sonoma 14.5 and 192 GB memory). Giotto Suite (version 4.0.5) package was used for the analysis. The visium analysis codes were run with R (version 4.3.2) and RStudio (2023.09.1) using MacBook Pro (Apple M1 chip, macOS Sonoma 14.3.1 and 8 GB memory). Giotto Suite (version 4.0.2) package was used",".git,1022D1 visium analysis.R,1067D1 visium analysis.R,1074D1 visium analysis.R,124C1 visium analysis.R,1279D1 visium analysis.R,1603D1 visium analysis.R,172C1 visium analysis.R,279C1 visium analysis.R,308D1 visium analysis.R,865D1 visium analysis.R,89 weeks BM visium analysis.R"
ktakehara/Prostate_TRM,已克隆,25.6,32,Pythonx27/Rx2,无LICENSE(仅可学习不可转载),,20,2025-10-10 13:01:06," Spatial transcriptomics of prostate tissue-resident memory T cells  [!NOTE]  This repository contains code and data processing pipelines to reproduce the analyses and figures from our ongoing manuscript: Distinct tissue niches contribute to prostate TRM cell differentiation and heterogeneity!.  The repository includes both Python (Scanpy, PyDESeq2) and R (Seurat, ggplot2) scripts used to preprocess, analyze, and visualize spatial gene expression datasets from mouse prostate tissue. ---  Table o",".git,.gitignore,core_functions,figures,models,preprocessing,README.md"
Teichlab/crohns-fibroblast-atlas,已克隆,858.0,150,Pythonx87/Rx18/Shellx8,MIT,,87,2026-06-28 13:27:53, crohns-fibroblast-atlas,".git,20200715_scRNA_batch1_2,20201116_scATAC_batch1_2,20210308_rna_velocity,bulkATAC_cistarget,BulkRNAseq_Analysis_GutOnChip,bulkRNAseq_Analysis_InVitro_Cytokines,bulkRNAseq_Analysis_InVitro_EpiModifier,bulk_ATACseq_pipeline,Distances_from_ULC_Analysis,FACS_Fibroblast_Supernatant_Neutrophil_Activation,fibroblast_cytoTRACE"
dwilliamsLab/gingiva-2025,已克隆,23.1,45,Rx16/Pythonx13,MIT,,13,2025-11-26 14:41:22, gingiva-2025,".git,.gitignore,cite-seq,ibex,integration-cite-seq,integration-tabSap,LICENSE,README.md,xenium"
SaulerLab/COPD_snRNA-seq,已克隆,0.1,14,Rx11/Shellx1,MIT,,0,2025-11-17 15:13:25," COPD snRNA-seq analysis code This repository contains custom code used in the COPD snRNA-seq study, organized into four main modules:  [1_clustering/](./1_clustering) Scripts for clustering patients by cell type proportions: - 01_functions.R - 02_cluster_5.Rmd  [2_mediation/](./2_mediation) Scripts for mediation analysis: - 01_wgcna.R - 02_run_mediations.R - 03_run_mediations_age.R - 04_run_mediations_pro.R - 05_run_mediations_age_pro.R  [3_LR_CCC/](./3_LR_CCC) Scripts for inference of ligand–r",".git,1_clustering,2_mediation,3_LR_CCC,4_spatial_LR_validation,LICENSE,README.md"
SizunJiangLab/IN-DEPTH,已克隆,114.8,167,Rx60/Pythonx43,MIT,requirements.txt,12,2026-04-16 17:06:26, Same-Slide Spatial Multi-Omics Integration with IN-DEPTH Reveals Tumor Virus-Linked Spatial Reorganization of the Tumor Microenvironment ![overview](https://github.com/SizunJiangLab/IN-DEPTH/blob/main/docs/assets/images/overview.png)  Published in Cancer Discovery (2026): [https://doi.org/10.1158/2159-8290.CD-25-0775](https://doi.org/10.1158/2159-8290.CD-25-0775)  Updates - [2026-03] Published in Cancer Discovery! [[Link]](https://doi.org/10.1158/2159-8290.CD-25-0775) - [2024-12] Preprint avail,".git,.github,.gitignore,.markdownlint.yaml,.pre-commit-config.yaml,CITATION.cff,docs,LICENSE,paper_figures,README.md,src,tutorial"
estorrs/3d-analysis,已克隆,24.5,37,Pythonx17/Shellx1/Rx1,MIT,Dockerfile,15,2026-05-06 21:16:06, 3d-analysis  Manuscript materials Location of materials for 3D Imaging and Multimodal Spatial Characterization of the Precancer-to-Cancer Transition in Breast and Prostate Some materials are located in the [Mushroom repository](github.com/ding-lab/mushroom). [H&E protein prediction model training](https://github.com/ding-lab/mushroom/blob/main/notebooks/manuscript/submission_v1/he_channel_prediction.ipynb) [Serial section registration workflow](https://github.com/ding-lab/mushroom/blob/main/not,".dockerignore,.DS_Store,.git,.gitignore,compute1,docker,LICENSE,notebooks,README.md,scripts"
icbi-lab/crc-atlas,已克隆,46.7,170,Pythonx107/Rx13/Shellx2,BSD,pyproject.toml,10,2025-08-07 15:55:19," The single-cell Colorectal Cancer Atlas  Marteau V., Nemati N., Handler K., ... & Arnold IC, Salcher S., Trajanoski Z. (2025). Single-cell integration and multi-modal profiling reveals phenotypes and spatial organization of neutrophils in colorectal cancer. bioRxiv. [doi:10.1101/2024.08.26.609563](https://www.biorxiv.org/content/10.1101/2024.08.26.609563) The single cell colorectal cancer atlas is a resource integrating more than 4.27 million cells from 650 patients across 49 studies (77 datase",".git,.gitignore,.nextflow.log,analyses,bin,conf,data,envs,LICENSE,main.nf,modules,nextflow.config"
icbi-lab/shears,已克隆,6.2,48,Pythonx11,BSD,pyproject.toml,2,2025-07-25 08:31:47," shears [badge-tests]: https://img.shields.io/github/actions/workflow/status/icbi-lab/shears/test.yaml?branch=main [link-tests]: https://github.com/icbi-lab/shears/actions/workflows/test.yml [badge-docs]: https://img.shields.io/readthedocs/shears shears are more powerful scissors  Getting started Please refer to the [documentation][link-docs]. In particular, the -   [API documentation][link-api].  Installation You need to have Python 3.10 or newer installed on your system. If you don't have Pyth",".bumpversion.cfg,.codecov.yaml,.cruft.json,.editorconfig,.flake8,.git,.github,.gitignore,.pre-commit-config.yaml,.readthedocs.yaml,.vscode,biome.jsonc"
yliuup/CRC_micromets_ST,已克隆,8.6,28,Rx20/Pythonx3/Shellx1,无LICENSE(仅可学习不可转载),,0,2026-07-15 15:23:30,,".git,Figure1,Figure2,Figure3,Figure4,Figure5,Figure6,Figure7,Meta_data,Readme,README.md"
jwangbio/spatial-brain-vasc,已克隆,0.0,4,Rx3,无LICENSE(仅可学习不可转载),,0,2026-08-24 01:43:43," Cell and Spatial Atlas of the Brain Vasculature Jerry C. Wang et al. Spatial atlas of the human brain vasculature reveals specialized cell ensembles. Code to replicate major bespoke analyses. All analyses were completed utilizing R version 4.4.1 (Race for Your Life) unless otherwise indicated. UCSC CellBrowser Link: https://brain-vasc-spatial.cells.ucsc.edu Update: August 24, 2026 Correction to the gene name formatting in Table S1 Link: https://ucsf.box.com/s/5c40gom4gbu239pdssq5k7gucn3hkw0z",".git,Cluster_concordance.R,Cortical_depth_score.R,Nearest_neighbors_analysis.R,README.md"
XinLi-0419/XeniumSpatialMacrophage,已克隆,0.0,1,Rx1,无LICENSE(仅可学习不可转载),,0,2025-03-11 19:19:01,(无README),".git,Xenium_image.susbet.R"
dpeerlab/p53-niche-dynamics,已克隆,349.4,101,Pythonx76/Rx14/Shellx4,MIT,environment_diffxpy.yml;environment_rapidsai.yml,62,2026-05-14 12:57:56," Welcome to the fascinating world of premalignant lesions Thank you for your interest in our research! This repository accompanies the study ""Oncogenic and tumor suppressive forces converge on a progenitor niche at the benign-to-malignant transition"", published in [_Cell_](https://www.sciencedirect.com/science/article/pii/S0092867426003338?via%3Dihub). We hope that our data and computation will help advance your work. Please don't hesitate to contact José Reyes (jreyes.lab at gmail.com) if you h",".git,.gitignore,imaging_human_TMA_Fig4,imaging_kras_inhibition_4h_FigS5,imaging_progenitor_niche_Fig3_FigS2,LICENSE,multiome_Fig7_FigS6,README.md,Reyes_graphical_abstract_github_2.png,transcriptomics,utils"
hisplan/sharp,已克隆,83.9,189,Shellx36/Pythonx27/Rx2,MIT,Dockerfile;Dockerfile-1.4.2-develop;Dockerfile-1.4.2-develop.cromwell;Dockerfile-1.5.0-alpha;Dockerfile.cromwell;requirements.txt,14,2022-05-18 20:31:25," sharp A single-cell demultiplexing pipeline. the sharp (♯) from musical notation similar to the hash () in hashtag. Sharp supports the following: - Hashtag - CITE-seq - ASAP-seq - CellPlex  Outputs In addition to cell barcode/UMI correction and quantification, cells are demultiplexed to their sample-of-origin and cross-sample doublets are identified (except CITE-seq). More information about the outputs can be found [here](docs/understanding-outputs-2021-08-30.pdf)  Setup Sharp is a part of SCIN",".git,.gitignore,.vscode,AsapSeq.wdl,CiteSeq.wdl,configs,dockers,docs,Hashtag.wdl,LICENSE,make-deployable.sh,manual-inspection"
DFCI-CODEX-group/CODEX-custom-pipeline,已克隆,0.7,11,Pythonx5,无LICENSE(仅可学习不可转载),environment.yml,2,2022-12-16 15:38:50," DFCI CODEX Pipeline Molecular Imaging Core Facility Dana-Farber Cancer Institute This repository contains the customized analysis pipeline developed to support CODEX imaging at Dana-Farber It is built using the [PathML](https://github.com/Dana-Farber-AIOS/pathml) toolkit for computational pathology. Prior to using this pipeline, images should be preprocessed using the CODEX Processor software v1.8.1.9 (Akoya Biosciences), which will be responsible for background subtraction, deconvolution, shad",".git,.gitattributes,.github,.gitignore,codex-pathml.py,composite_images.ipynb,composite_visualization.py,environment.yml,README.md,REDSEA_structuring_element_experiment.ipynb,transforms.py"
maximemeylan/GBM_CAN3110,已克隆,3.3,24,Rx20,MIT,,0,2026-02-13 15:47:00," GBM_CAN3110 (GitHub Release) <p align=""center"" </p Analysis code for: Persistent T cell Activation and Cytotoxicity against Glioblastoma Following Single Oncolytic Virus Treatment in a Clinical Trial Paper DOI: 10.1016/j.cell.2025.12.055  Repository Structure text GBM_CAN3110/ ├── README.md ├── CHANGES.md ├── .gitignore ├── config/ │   └── constants.r ├── scripts/ │   ├── figures/ │   │   ├── Figure_1_CODEX.Rmd │   │   ├── Figure_1_XENIUM_clustering_annotations.Rmd │   │   ├── Figure_2_CODEX_sp",".git,.gitignore,config,docs,LICENSE,README.md,scripts"
Lion-shine/Segment-Membranes-and-Nuclei-from-Histopathological-Images-via-Nuclei-Point-level-Supervision,已克隆,7.4,54,Pythonx28/Shellx2,无LICENSE(仅可学习不可转载),,0,2023-07-03 13:20:33," Segment Membranes and Nuclei from HistopathologicalImages via Nuclei Point-level Supervision This repository contains the pytorch code for the paper: Segment Membranes and Nuclei from Histopathological Images via Nuclei Point-level Supervision, MICCAI2023. ([PDF](https://doi.org/))  Citation If you find this code useful in your research, please cite our work:  @inproceedings{Li2023miccai, author = ""Hansheng Li, Zhengyang Xu, Yuxin Kang, Xiaoshuang Shi, Hong Lv, Ming Li, Mingzhen Lin, Lei Cui, J",".git,attention_unet.py,color_card.jpg,color_deconvolution.txt,dataselect.py,data_folder.py,data_folder_cp.py,data_preprocess,dice_loss.py,draw_label.py,elu_vis.py,eval_utils.py"
vqdang/hover_net,已克隆,51.9,58,Pythonx42/Shellx2,MIT,environment.yml;requirements.txt,2,2023-10-27 12:42:35, HoVer-Net: Simultaneous Segmentation and Classification of Nuclei in Multi-Tissue Histology Images A multiple branch network that performs nuclear instance segmentation and classification within a single network. The network leverages the horizontal and vertical distances of nuclear pixels to their centres of mass to separate clustered cells. A dedicated up-sampling branch is used to classify the nuclear type for each segmented instance. <br / [Link](https://www.sciencedirect.com/science/articl,".git,.gitignore,.vscode,CHANGELOG.md,compute_stats.py,config.py,convert_chkpt_tf2pytorch.py,convert_format.py,dataloader,dataset.py,diagram.png,docs"
Loci-lab/Oral-Craniofacial-Atlas,已克隆,2.8,20,Pythonx11/Rx8,无LICENSE(仅可学习不可转载),,2,2026-02-13 11:51:58, Oral-Craniofacial-Atlas The repository of the OCF Atlas The Source data used in this paper is in a public GDrive link. https://drive.google.com/drive/folders/1VWYnB-uTjY5io5V1Bwndf3CrhXzC1JGU?usp=sharing,".git,CellType,Healthy vs Disease,MCIMs,README.md,Spatial analysis,TCN"
zenglab-pku/SPATCH,已克隆,0.1,13,Pythonx9/Rx2,无LICENSE(仅可学习不可转载),,0,2024-12-11 01:10:27, SPATCH: SPAtial Transcriptomics resource for subCellular and High-throughput platforms ---  You can access our data online via: https://spatch.pku-genomics.org  Key points - First benchmarking of the most adavanced spatial transcriptomics technologies with subcellular resolution and large panel of genes. - Benchmarking of multiple ST analysis tools on our datasets. - Using spatial proteomics (CODEX) of adjacent slides of spatial transciptomics. - The code we used for analyzing spatial transcrip,".git,analysis,README.md"
YOU-k/cadasSTre,已克隆,0.7,18,Pythonx8/Rx3/Shellx1,无LICENSE(仅可学习不可转载),,4,2023-10-26 15:41:46," Overview cadasSTre is a cross-platform data for sequencing-based ST benchmarking which allows for the evaluation of the performance of each technology in terms of spatial resolution, capture efficiency, and molecular diffusion. This is an overview of a set of scripts used for processing various types of data, including their execution order, input & output files, and a brief description for each script.  How do I use these scripts for my own analysis? The analysis pipeline follows a certain scr",".git,evaluation,preprocessing,README.md"
broadinstitute/ist_benchmarking,已克隆,14.7,23,Pythonx19,无LICENSE(仅可学习不可转载),requirements.txt,15,2025-08-13 09:09:09,"This is the repo for the manuscript ""Systematic benchmarking of imaging spatial transcriptomics platforms in FFPE tissues"".",".DS_Store,.git,.gitignore,00_copy_data.ipynb,00_setup_and_data_example.ipynb,01_data_generator_no_need_to_run.ipynb,02_FDR_calculation_no_need_to_run.ipynb,02_panel_to_panel_reproducibility.ipynb,02_specificity_sensitivity_reproducibility.ipynb,03_gene_by_gene_plot.ipynb,04_tissue_marker_analysis.ipynb,06_single_cell_metrics.ipynb"
WuLabMDA/CoCo-ST,已克隆,4.7,16,Rx7,MIT,DESCRIPTION,0,2026-07-02 00:59:17,"<div align=""center""  CoCo-ST: Compare and Contrast Spatial Transcriptomics A scalable contrastive learning framework for identifying spatial domains in spatial transcriptomics data </div ---  Overview CoCo-ST (Compare and Contrast Spatial Transcriptomics) is a computational algorithm that leverages contrastive learning to identify both high-variance and low-variance spatial structures across spatial transcriptomics datasets. Unlike conventional methods that primarily detect dominant spatial doma",".git,CoCoST.Rproj,Codes,DESCRIPTION,figures,LICENSE,man,NAMESPACE,R,README.md,Tutorials"
Moldia/Xenium_benchmarking,已克隆,1021.4,493,Pythonx158/Rx10/Shellx1,无LICENSE(仅可学习不可转载),Benchmarkingenvironment.yml;setup.cfg;setup.py,136,2026-04-10 10:07:07," Xenium_benchmarking This is a public repository to reproduce the analysis presented in the study available here: Marco Salas et al. Optimizing Xenium In Situ data utility by quality assessment and best practice analysis workflows , 2024. Abstract of the study The Xenium In Situ platform is a new spatial transcriptomics product commercialized by 10X Genomics capable of mapping hundreds of genes in situ at a subcellular resolution. Given the multitude of commercially available spatial transcripto",".git,.gitignore,.gitmodules,.ipynb_checkpoints,Banksy_py,data,dist,end-to-end_pipeline_optimized.ipynb,figures,my_module.egg-info,notebooks,README.md"
QuKunLab/SpatialBenchmarking,已克隆,111.2,548,Pythonx29/Rx8/Shellx2,BSD,Benchmarkingenvironment.yml;environment.pickle;requirements.txt;setup.py,6,2022-06-10 14:55:01, Benchmarking spatial and single-cell transcriptomics integration methods for transcript distribution prediction and cell type deconvolution ![WorkFolw](https://user-images.githubusercontent.com/100823826/168304254-1ce93601-9fb5-4546-b2d5-1dc79d890f08.jpg) __Implementation description__ We collected 45 paired datasets and 32 simulated datasets and designed a pipeline to 1) systematically evaluate the accuracy of eight integration methods for predicting the RNA spatial distribution. 2) test four ,".git,Benchmarking,Benchmarkingenvironment.yml,BLAST_CelltypeDeconvolution.ipynb,BLAST_GenePrediction.ipynb,Codes,Config.env.sh,doc,Extenrnal,FigureData,LICENSE,README.md"
KChen-lab/ST_Comparison,已克隆,4.6,39,Rx28,MIT,,0,2026-08-31 11:07:58," Comparison of imaging based single-cell resolution spatial transcriptomics profiling platforms using formalin-fixed paraffin-embedded tumor samples Code repository for our paper. Raw data are in the GEO database. Source data of images are in supplementary data in the publication. The CosMx SMI, MERFISH and Xenium raw data generated in this study have been deposited in the Gene Expression Ominibus (GEO) database (https://www.ncbi.nlm.nih.gov/geo/) under accession code GSE299786, GSE299886 and GS",".git,Annotations,Figures,LICENSE,README.md,Seurat"
